<?xml version="1.0" encoding="UTF-8"?>
<project-private xmlns="http://www.netbeans.org/ns/project-private/1">
    <editor-bookmarks xmlns="http://www.netbeans.org/ns/editor-bookmarks/2" lastBookmarkId="0"/>
    <open-files xmlns="http://www.netbeans.org/ns/projectui-open-files/2">
        <group>
            <file>file:/F:/wamp64/www/angular_contact_cibl/assets/js/angular_script.js</file>
            <file>file:/F:/wamp64/www/angular_contact_cibl/application/views/add_book/add_book_view.php</file>
            <file>file:/F:/wamp64/www/angular_contact_cibl/application/controllers/Add_book.php</file>
        </group>
    </open-files>
</project-private>
